word,count,percentage,sentiment
terrorist,1,0.02,-0.691
terrorism,3,0.07,-0.681
disaster,2,0.04,-0.625
war,3,0.07,-0.599
negative,2,0.04,-0.572
disasters,5,0.11,-0.557
harm,3,0.07,-0.542
suffer,2,0.04,-0.542
violations,4,0.09,-0.527
failure,10,0.22,-0.511
worsen,1,0.02,-0.511
punitive,1,0.02,-0.511
violation,1,0.02,-0.494
damage,2,0.04,-0.494
violate,2,0.04,-0.494
gross,6,0.13,-0.477
accident,1,0.02,-0.477
poor,2,0.04,-0.477
infringement,5,0.11,-0.477
failures,6,0.13,-0.459
damages,3,0.07,-0.44
unemployment,2,0.04,-0.44
attacks,2,0.04,-0.44
weaken,1,0.02,-0.421
fails,4,0.09,-0.421
problems,2,0.04,-0.402
defects,5,0.11,-0.402
losses,12,0.27,-0.402
inadequate,2,0.04,-0.402
interruptions,2,0.04,-0.402
error,2,0.04,-0.402
lose,1,0.02,-0.402
inability,4,0.09,-0.402
hostile,1,0.02,-0.382
dissatisfied,1,0.02,-0.382
severe,1,0.02,-0.382
restrict,1,0.02,-0.382
distraction,1,0.02,-0.382
unsecured,1,0.02,-0.382
turmoil,1,0.02,-0.361
debt,2,0.04,-0.361
adverse,8,0.18,-0.361
suspicious,1,0.02,-0.361
interruption,1,0.02,-0.361
difficult,2,0.04,-0.361
disruption,2,0.04,-0.361
defect,1,0.02,-0.34
uncertainty,3,0.07,-0.34
fire,1,0.02,-0.34
disruptions,7,0.16,-0.34
errors,1,0.02,-0.34
uncertainties,5,0.11,-0.34
loss,6,0.13,-0.318
critical,2,0.04,-0.318
anti,4,0.09,-0.318
aggressively,1,0.02,-0.318
delay,3,0.07,-0.318
disruptive,1,0.02,-0.318
faulty,1,0.02,-0.318
accidents,3,0.07,-0.318
weakening,1,0.02,-0.318
lost,1,0.02,-0.318
lower,4,0.09,-0.296
obsolete,1,0.02,-0.296
distracting,1,0.02,-0.296
pressure,1,0.02,-0.296
avoid,2,0.04,-0.296
stop,1,0.02,-0.296
uncertain,2,0.04,-0.296
charges,2,0.04,-0.273
low,2,0.04,-0.273
cut,1,0.02,-0.273
disputes,3,0.07,-0.273
risks,14,0.31,-0.273
delayed,1,0.02,-0.226
postpone,1,0.02,-0.226
vulnerable,1,0.02,-0.226
limited,9,0.2,-0.226
risky,1,0.02,-0.202
liabilities,3,0.07,-0.202
litigation,7,0.16,-0.202
adversely,22,0.49,-0.202
liability,3,0.07,-0.202
affected,13,0.29,-0.153
shortages,3,0.07,-0.153
expose,1,0.02,-0.153
aggressive,2,0.04,-0.153
ineffective,1,0.02,-0.128
demand,16,0.36,-0.128
lowered,1,0.02,-0.128
constrained,1,0.02,-0.103
imposing,1,0.02,-0.103
exposed,3,0.07,-0.077
preventing,1,0.02,-0.026
corporate,3,0.07,0.0
injunctive,1,0.02,0.0
measures,6,0.13,0.0
insurance,5,0.11,0.0
maintains,2,0.04,0.0
aggregate,2,0.04,0.0
types,3,0.07,0.0
laws,24,0.54,0.0
regulations,16,0.36,0.0
individually,2,0.04,0.0
domestic,2,0.04,0.0
areas,2,0.04,0.0
activities,5,0.11,0.0
advertising,1,0.02,0.0
billing,1,0.02,0.0
commerce,2,0.04,0.0
promotions,1,0.02,0.0
coverage,4,0.09,0.0
remedial,1,0.02,0.0
man,1,0.02,0.0
variety,3,0.07,0.0
environmental,3,0.07,0.0
actions,4,0.09,0.0
military,1,0.02,0.0
recognition,1,0.02,0.0
considerations,1,0.02,0.0
settle,1,0.02,0.0
opinion,1,0.02,0.0
least,1,0.02,0.0
possibility,1,0.02,0.0
incurred,1,0.02,0.0
recorded,1,0.02,0.0
accrual,1,0.02,0.0
disgorgement,1,0.02,0.0
contingencies,1,0.02,0.0
inherently,2,0.04,0.0
considers,1,0.02,0.0
likelihood,2,0.04,0.0
commercial,1,0.02,0.0
remote,1,0.02,0.0
reporting,2,0.04,0.0
period,3,0.07,0.0
compensatory,1,0.02,0.0
made,3,0.07,0.0
telecommunications,2,0.04,0.0
trebled,1,0.02,0.0
monetary,1,0.02,0.0
outcome,5,0.11,0.0
communications,2,0.04,0.0
expenses,7,0.16,0.0
ownership,1,0.02,0.0
dates,1,0.02,0.0
compliance,6,0.13,0.0
onerous,1,0.02,0.0
inconsistent,2,0.04,0.0
jurisdiction,4,0.09,0.0
doing,2,0.04,0.0
rise,1,0.02,0.0
interpretation,2,0.04,0.0
regions,2,0.04,0.0
practices,2,0.04,0.0
implemented,3,0.07,0.0
policies,4,0.09,0.0
procedures,5,0.11,0.0
shipment,1,0.02,0.0
designed,2,0.04,0.0
agents,2,0.04,0.0
assembly,1,0.02,0.0
final,3,0.07,0.0
derives,1,0.02,0.0
portion,3,0.07,0.0
earnings,5,0.11,0.0
comply,3,0.07,0.0
europe,1,0.02,0.0
accrued,1,0.02,0.0
sole,1,0.02,0.0
cases,2,0.04,0.0
country,2,0.04,0.0
another,1,0.02,0.0
applicable,2,0.04,0.0
television,1,0.02,0.0
modifications,1,0.02,0.0
processes,3,0.07,0.0
disrupted,1,0.02,0.0
public,6,0.13,0.0
import,2,0.04,0.0
export,2,0.04,0.0
destinations,1,0.02,0.0
corruption,2,0.04,0.0
controls,2,0.04,0.0
repatriation,2,0.04,0.0
transit,1,0.02,0.0
privacy,5,0.11,0.0
way,1,0.02,0.0
locations,4,0.09,0.0
operates,1,0.02,0.0
testing,1,0.02,0.0
extensive,2,0.04,0.0
others,3,0.07,0.0
locking,1,0.02,0.0
finished,2,0.04,0.0
impact,8,0.18,0.0
carrier,2,0.04,0.0
mandating,1,0.02,0.0
certification,2,0.04,0.0
regulation,1,0.02,0.0
governmental,5,0.11,0.0
perform,1,0.02,0.0
standardization,1,0.02,0.0
bodies,2,0.04,0.0
networks,1,0.02,0.0
among,8,0.18,0.0
tax,14,0.31,0.0
internationally,1,0.02,0.0
expensive,2,0.04,0.0
lessen,1,0.02,0.0
protection,4,0.09,0.0
piracy,1,0.02,0.0
developers,8,0.18,0.0
decisions,1,0.02,0.0
cease,1,0.02,0.0
developed,1,0.02,0.0
maintained,1,0.02,0.0
choose,2,0.04,0.0
buy,1,0.02,0.0
perception,1,0.02,0.0
intended,4,0.09,0.0
relative,4,0.09,0.0
force,1,0.02,0.0
developing,4,0.09,0.0
upgrading,3,0.07,0.0
compared,2,0.04,0.0
position,1,0.02,0.0
interfere,1,0.02,0.0
unexpectedly,1,0.02,0.0
generated,1,0.02,0.0
causes,1,0.02,0.0
bugs,1,0.02,0.0
question,1,0.02,0.0
complex,1,0.02,0.0
less,2,0.04,0.0
reputation,8,0.18,0.0
inclined,2,0.04,0.0
maintaining,2,0.04,0.0
upgrade,1,0.02,0.0
legislation,2,0.04,0.0
passed,2,0.04,0.0
contracts,3,0.07,0.0
includes,1,0.02,0.0
right,3,0.07,0.0
music,1,0.02,0.0
detect,1,0.02,0.0
movies,1,0.02,0.0
shows,1,0.02,0.0
books,1,0.02,0.0
licensing,2,0.04,0.0
relatively,2,0.04,0.0
slowdowns,1,0.02,0.0
continuation,1,0.02,0.0
providers,5,0.11,0.0
propose,1,0.02,0.0
take,1,0.02,0.0
outages,1,0.02,0.0
impossible,2,0.04,0.0
license,4,0.09,0.0
operation,2,0.04,0.0
otherwise,3,0.07,0.0
owners,1,0.02,0.0
limit,5,0.11,0.0
usage,1,0.02,0.0
rules,4,0.09,0.0
geographic,2,0.04,0.0
rights,6,0.13,0.0
manner,2,0.04,0.0
countries,5,0.11,0.0
action,1,0.02,0.0
margin,3,0.07,0.0
distributed,1,0.02,0.0
decreased,1,0.02,0.0
sometimes,1,0.02,0.0
indemnification,1,0.02,0.0
claim,1,0.02,0.0
against,6,0.13,0.0
process,2,0.04,0.0
indemnified,2,0.04,0.0
allegations,2,0.04,0.0
patent,4,0.09,0.0
political,5,0.11,0.0
faced,1,0.02,0.0
relating,4,0.09,0.0
example,4,0.09,0.0
holding,1,0.02,0.0
arise,5,0.11,0.0
frequently,2,0.04,0.0
royalties,1,0.02,0.0
enter,2,0.04,0.0
health,9,0.2,0.0
defending,1,0.02,0.0
courts,1,0.02,0.0
jurisdictions,7,0.16,0.0
international,19,0.43,0.0
trade,12,0.27,0.0
commission,1,0.02,0.0
fix,1,0.02,0.0
plaintiffs,1,0.02,0.0
injunctions,1,0.02,0.0
regardless,1,0.02,0.0
assert,1,0.02,0.0
course,1,0.02,0.0
equipment,3,0.07,0.0
term,5,0.11,0.0
time,11,0.25,0.0
app,1,0.02,0.0
store,3,0.07,0.0
keep,1,0.02,0.0
operate,1,0.02,0.0
impacted,5,0.11,0.0
perceptions,1,0.02,0.0
rather,1,0.02,0.0
platforms,2,0.04,0.0
android,1,0.02,0.0
focus,1,0.02,0.0
efforts,2,0.04,0.0
negatively,3,0.07,0.0
requires,3,0.07,0.0
licenses,3,0.07,0.0
terminated,1,0.02,0.0
practice,1,0.02,0.0
obtained,5,0.11,0.0
preclude,2,0.04,0.0
unfavorable,2,0.04,0.0
proceedings,3,0.07,0.0
found,1,0.02,0.0
infringed,1,0.02,0.0
various,4,0.09,0.0
claims,9,0.2,0.0
arisen,1,0.02,0.0
ordinary,1,0.02,0.0
reduced,2,0.04,0.0
brand,2,0.04,0.0
consuming,2,0.04,0.0
duties,2,0.04,0.0
discussion,2,0.04,0.0
tariffs,1,0.02,0.0
pandemics,1,0.02,0.0
stringent,1,0.02,0.0
travel,1,0.02,0.0
limitations,1,0.02,0.0
freight,1,0.02,0.0
movement,1,0.02,0.0
ramps,1,0.02,0.0
majority,3,0.07,0.0
headquarters,1,0.02,0.0
expenditures,1,0.02,0.0
resume,1,0.02,0.0
quarterly,2,0.04,0.0
fluctuate,2,0.04,0.0
configuration,1,0.02,0.0
indirect,1,0.02,0.0
percentages,1,0.02,0.0
shift,1,0.02,0.0
average,1,0.02,0.0
unrelated,1,0.02,0.0
ways,1,0.02,0.0
volume,1,0.02,0.0
internal,2,0.04,0.0
late,1,0.02,0.0
working,1,0.02,0.0
developments,1,0.02,0.0
generates,1,0.02,0.0
seasonal,1,0.02,0.0
quarters,1,0.02,0.0
quarter,2,0.04,0.0
flat,1,0.02,0.0
mix,2,0.04,0.0
unexpected,1,0.02,0.0
repurchases,2,0.04,0.0
chain,1,0.02,0.0
receive,1,0.02,0.0
area,1,0.02,0.0
considering,1,0.02,0.0
complying,1,0.02,0.0
emerging,1,0.02,0.0
noncompliance,1,0.02,0.0
makes,1,0.02,0.0
disclosure,1,0.02,0.0
policy,1,0.02,0.0
website,1,0.02,0.0
press,1,0.02,0.0
entities,1,0.02,0.0
impacts,1,0.02,0.0
largely,1,0.02,0.0
chief,1,0.02,0.0
executive,2,0.04,0.0
officer,1,0.02,0.0
team,1,0.02,0.0
deliver,1,0.02,0.0
decrease,1,0.02,0.0
industrial,2,0.04,0.0
plant,1,0.02,0.0
nuclear,1,0.02,0.0
climate,1,0.02,0.0
inefficiencies,1,0.02,0.0
vendors,5,0.11,0.0
geopolitical,1,0.02,0.0
valley,1,0.02,0.0
silicon,1,0.02,0.0
especially,1,0.02,0.0
experienced,4,0.09,0.0
skilled,1,0.02,0.0
economy,1,0.02,0.0
point,1,0.02,0.0
reflect,2,0.04,0.0
dividend,1,0.02,0.0
sovereign,1,0.02,0.0
equivalents,2,0.04,0.0
marketable,2,0.04,0.0
receivable,1,0.02,0.0
heightened,1,0.02,0.0
during,1,0.02,0.0
covered,1,0.02,0.0
collateral,1,0.02,0.0
financing,1,0.02,0.0
mitigate,1,0.02,0.0
sub,1,0.02,0.0
assemblies,1,0.02,0.0
assemble,1,0.02,0.0
september,1,0.02,0.0
concentrated,2,0.04,0.0
monitor,1,0.02,0.0
ireland,3,0.07,0.0
previously,1,0.02,0.0
owed,1,0.02,0.0
provision,1,0.02,0.0
adequacy,1,0.02,0.0
examinations,2,0.04,0.0
assesses,1,0.02,0.0
deterioration,1,0.02,0.0
regularly,1,0.02,0.0
returns,1,0.02,0.0
examination,1,0.02,0.0
deferred,1,0.02,0.0
valuation,1,0.02,0.0
statutory,1,0.02,0.0
organized,1,0.02,0.0
irs,1,0.02,0.0
ratings,1,0.02,0.0
portfolio,1,0.02,0.0
place,1,0.02,0.0
currencies,5,0.11,0.0
local,2,0.04,0.0
versus,1,0.02,0.0
investor,1,0.02,0.0
acquire,1,0.02,0.0
obligate,1,0.02,0.0
primary,1,0.02,0.0
directors,1,0.02,0.0
declaration,1,0.02,0.0
dividends,2,0.04,0.0
consummated,1,0.02,0.0
program,2,0.04,0.0
repurchase,2,0.04,0.0
grow,1,0.02,0.0
board,1,0.02,0.0
several,1,0.02,0.0
exposure,4,0.09,0.0
relates,1,0.02,0.0
hedges,1,0.02,0.0
hedging,1,0.02,0.0
exposures,1,0.02,0.0
hedge,1,0.02,0.0
option,1,0.02,0.0
conversely,1,0.02,0.0
movements,2,0.04,0.0
offset,2,0.04,0.0
reducing,1,0.02,0.0
raise,2,0.04,0.0
leads,1,0.02,0.0
affects,1,0.02,0.0
denominated,5,0.11,0.0
non,5,0.11,0.0
rate,1,0.02,0.0
taxes,4,0.09,0.0
subsidiaries,2,0.04,0.0
apply,1,0.02,0.0
ongoing,2,0.04,0.0
present,1,0.02,0.0
originally,1,0.02,0.0
contemplated,1,0.02,0.0
endeavors,1,0.02,0.0
involve,1,0.02,0.0
unidentified,1,0.02,0.0
discovered,1,0.02,0.0
diligence,1,0.02,0.0
ventures,1,0.02,0.0
caused,2,0.04,0.0
power,3,0.07,0.0
acts,2,0.04,0.0
viruses,1,0.02,0.0
physical,1,0.02,0.0
electronic,1,0.02,0.0
break,1,0.02,0.0
confidential,10,0.22,0.0
releases,3,0.07,0.0
unauthorized,4,0.09,0.0
shipping,1,0.02,0.0
impeding,1,0.02,0.0
transactions,2,0.04,0.0
disrupt,1,0.02,0.0
interfering,1,0.02,0.0
eventualities,2,0.04,0.0
planning,1,0.02,0.0
recovery,2,0.04,0.0
continuity,2,0.04,0.0
redundancy,1,0.02,0.0
ins,1,0.02,0.0
things,4,0.09,0.0
personally,2,0.04,0.0
acquisitions,2,0.04,0.0
leases,1,0.02,0.0
antidumping,1,0.02,0.0
penalties,4,0.09,0.0
collectability,2,0.04,0.0
receivables,8,0.18,0.0
required,3,0.07,0.0
leasehold,2,0.04,0.0
personnel,5,0.11,0.0
lease,2,0.04,0.0
space,1,0.02,0.0
built,1,0.02,0.0
serve,2,0.04,0.0
high,4,0.09,0.0
profile,2,0.04,0.0
venues,1,0.02,0.0
awareness,1,0.02,0.0
vehicles,1,0.02,0.0
elements,1,0.02,0.0
managing,1,0.02,0.0
environments,2,0.04,0.0
construction,1,0.02,0.0
activity,2,0.04,0.0
general,2,0.04,0.0
macro,1,0.02,0.0
strategies,2,0.04,0.0
pose,1,0.02,0.0
offs,1,0.02,0.0
occur,7,0.16,0.0
closure,1,0.02,0.0
decline,3,0.07,0.0
typical,1,0.02,0.0
size,1,0.02,0.0
severance,1,0.02,0.0
identifiable,2,0.04,0.0
reputational,2,0.04,0.0
operational,1,0.02,0.0
used,1,0.02,0.0
monitors,1,0.02,0.0
unusual,1,0.02,0.0
accounts,2,0.04,0.0
impede,1,0.02,0.0
specific,2,0.04,0.0
payment,6,0.13,0.0
card,5,0.11,0.0
notification,1,0.02,0.0
audit,2,0.04,0.0
authorities,2,0.04,0.0
adequately,1,0.02,0.0
handled,1,0.02,0.0
permitted,1,0.02,0.0
law,1,0.02,0.0
liable,2,0.04,0.0
investigatory,2,0.04,0.0
transfer,1,0.02,0.0
retention,2,0.04,0.0
collection,1,0.02,0.0
state,2,0.04,0.0
federal,2,0.04,0.0
aspects,1,0.02,0.0
turn,1,0.02,0.0
address,1,0.02,0.0
transaction,1,0.02,0.0
follow,2,0.04,0.0
compromised,1,0.02,0.0
potentially,2,0.04,0.0
cardholder,1,0.02,0.0
fees,2,0.04,0.0
cards,1,0.02,0.0
passwords,1,0.02,0.0
names,1,0.02,0.0
user,1,0.02,0.0
retain,1,0.02,0.0
impair,1,0.02,0.0
incident,1,0.02,0.0
confidentiality,1,0.02,0.0
compromises,1,0.02,0.0
impacting,1,0.02,0.0
investigations,2,0.04,0.0
breach,2,0.04,0.0
takes,1,0.02,0.0
still,2,0.04,0.0
absolute,1,0.02,0.0
encryption,2,0.04,0.0
pii,5,0.11,0.0
consequences,1,0.02,0.0
steps,1,0.02,0.0
transfers,1,0.02,0.0
fines,3,0.07,0.0
malicious,1,0.02,0.0
disclosing,1,0.02,0.0
induce,1,0.02,0.0
fraudulently,1,0.02,0.0
irregularities,1,0.02,0.0
password,1,0.02,0.0
malfeasance,1,0.02,0.0
judgments,1,0.02,0.0
employee,3,0.07,0.0
authentication,1,0.02,0.0
sensitive,2,0.04,0.0
manages,1,0.02,0.0
owns,1,0.02,0.0
targeted,1,0.02,0.0
perpetrated,1,0.02,0.0
hacking,1,0.02,0.0
termination,1,0.02,0.0
sourced,1,0.02,0.0
code,2,0.04,0.0
standards,3,0.07,0.0
continual,1,0.02,0.0
characteristics,1,0.02,0.0
adoption,2,0.04,0.0
advancements,1,0.02,0.0
competitors,11,0.25,0.0
sensitivity,1,0.02,0.0
depends,8,0.18,0.0
heavily,1,0.02,0.0
continuing,1,0.02,0.0
timely,3,0.07,0.0
technologies,4,0.09,0.0
marketplace,1,0.02,0.0
believes,7,0.16,0.0
unique,3,0.07,0.0
designs,1,0.02,0.0
develops,1,0.02,0.0
trademarks,1,0.02,0.0
register,1,0.02,0.0
applied,1,0.02,0.0
registered,1,0.02,0.0
copyrights,1,0.02,0.0
patents,3,0.07,0.0
evolving,1,0.02,0.0
holds,1,0.02,0.0
applications,17,0.38,0.0
software,19,0.43,0.0
numerous,5,0.11,0.0
hardware,8,0.18,0.0
entire,1,0.02,0.0
nearly,1,0.02,0.0
make,7,0.16,0.0
cycles,1,0.02,0.0
life,1,0.02,0.0
short,2,0.04,0.0
balances,1,0.02,0.0
cash,9,0.2,0.0
decreases,1,0.02,0.0
increases,4,0.09,0.0
rates,10,0.22,0.0
investments,4,0.09,0.0
foreign,23,0.52,0.0
revaluations,1,0.02,0.0
instruments,5,0.11,0.0
exchange,8,0.18,0.0
sale,1,0.02,0.0
realized,4,0.09,0.0
depending,1,0.02,0.0
expense,2,0.04,0.0
impairment,3,0.07,0.0
marks,1,0.02,0.0
overall,2,0.04,0.0
differing,2,0.04,0.0
introduction,5,0.11,0.0
frequent,2,0.04,0.0
margins,10,0.22,0.0
downward,1,0.02,0.0
competition,9,0.2,0.0
characterized,1,0.02,0.0
amounts,5,0.11,0.0
compete,6,0.13,0.0
change,10,0.22,0.0
technological,3,0.07,0.0
rapid,5,0.11,0.0
subject,32,0.72,0.0
highly,4,0.09,0.0
assigned,1,0.02,0.0
unable,4,0.09,0.0
new,28,0.63,0.0
contrast,1,0.02,0.0
seek,4,0.09,0.0
features,1,0.02,0.0
alternatively,1,0.02,0.0
collaborate,1,0.02,0.0
offer,6,0.13,0.0
competes,4,0.09,0.0
models,1,0.02,0.0
provide,6,0.13,0.0
users,2,0.04,0.0
conduct,2,0.04,0.0
means,1,0.02,0.0
experience,10,0.22,0.0
breadth,1,0.02,0.0
channels,2,0.04,0.0
current,4,0.09,0.0
potential,1,0.02,0.0
structure,2,0.04,0.0
able,5,0.11,0.0
substantially,5,0.11,0.0
integrated,1,0.02,0.0
collaboratively,1,0.02,0.0
work,1,0.02,0.0
offerings,1,0.02,0.0
individual,3,0.07,0.0
imitate,2,0.04,0.0
seamlessly,1,0.02,0.0
providing,3,0.07,0.0
approach,1,0.02,0.0
intensify,1,0.02,0.0
expects,2,0.04,0.0
even,1,0.02,0.0
little,1,0.02,0.0
components,27,0.61,0.0
attempt,3,0.07,0.0
selling,3,0.07,0.0
reduce,4,0.09,0.0
communication,1,0.02,0.0
mobile,4,0.09,0.0
maintain,5,0.11,0.0
infringe,1,0.02,0.0
sell,2,0.04,0.0
develop,6,0.13,0.0
media,3,0.07,0.0
continue,11,0.25,0.0
infringing,1,0.02,0.0
emulating,1,0.02,0.0
structures,2,0.04,0.0
cost,12,0.27,0.0
pricing,8,0.18,0.0
primarily,4,0.09,0.0
property,11,0.25,0.0
many,12,0.27,0.0
devices,12,0.27,0.0
ios,7,0.16,0.0
additionally,4,0.09,0.0
smartphone,1,0.02,0.0
minority,3,0.07,0.0
relationships,3,0.07,0.0
supplier,5,0.11,0.0
established,1,0.02,0.0
based,6,0.13,0.0
resources,5,0.11,0.0
marketing,3,0.07,0.0
technical,1,0.02,0.0
companies,5,0.11,0.0
faces,4,0.09,0.0
content,17,0.38,0.0
digital,10,0.22,0.0
distribution,6,0.13,0.0
continually,3,0.07,0.0
issue,1,0.02,0.0
institutions,2,0.04,0.0
future,19,0.43,0.0
whole,3,0.07,0.0
affect,16,0.36,0.0
stock,12,0.27,0.0
price,18,0.4,0.0
affecting,5,0.11,0.0
performance,9,0.2,0.0
considered,1,0.02,0.0
reliable,1,0.02,0.0
indicator,1,0.02,0.0
investors,1,0.02,0.0
use,12,0.27,0.0
historical,1,0.02,0.0
trends,2,0.04,0.0
anticipate,1,0.02,0.0
periods,3,0.07,0.0
global,11,0.25,0.0
volatility,7,0.16,0.0
market,16,0.36,0.0
higher,6,0.13,0.0
tighter,1,0.02,0.0
response,1,0.02,0.0
spending,2,0.04,0.0
anticipated,6,0.13,0.0
businesses,3,0.07,0.0
poses,1,0.02,0.0
significantly,7,0.16,0.0
depend,6,0.13,0.0
conditions,12,0.27,0.0
economic,14,0.31,0.0
regional,8,0.18,0.0
consumers,3,0.07,0.0
past,4,0.09,0.0
materially,18,0.4,0.0
vary,4,0.09,0.0
results,21,0.47,0.0
condition,17,0.38,0.0
financial,38,0.85,0.0
analysis,4,0.09,0.0
management,11,0.25,0.0
conjunction,1,0.02,0.0
operations,14,0.31,0.0
read,1,0.02,0.0
form,2,0.04,0.0
understanding,1,0.02,0.0
statements,8,0.18,0.0
looking,1,0.02,0.0
forward,2,0.04,0.0
contains,1,0.02,0.0
information,24,0.54,0.0
government,5,0.11,0.0
consolidated,2,0.04,0.0
supplementary,1,0.02,0.0
actual,2,0.04,0.0
cause,7,0.16,0.0
indirectly,1,0.02,0.0
directly,3,0.07,0.0
below,1,0.02,0.0
described,3,0.07,0.0
related,11,0.25,0.0
including,30,0.67,0.0
known,1,0.02,0.0
currently,8,0.18,0.0
company,301,6.77,0.0
operating,29,0.65,0.0
business,31,0.7,0.0
data,15,0.34,0.0
unknown,1,0.02,0.0
restrictions,6,0.13,0.0
austerity,1,0.02,0.0
news,1,0.02,0.0
banking,1,0.02,0.0
system,9,0.2,0.0
additional,7,0.16,0.0
consolidation,3,0.07,0.0
industry,9,0.2,0.0
service,9,0.2,0.0
institution,1,0.02,0.0
there,15,0.34,0.0
tightening,1,0.02,0.0
liquidity,3,0.07,0.0
extreme,2,0.04,0.0
fixed,1,0.02,0.0
equity,2,0.04,0.0
effects,3,0.07,0.0
insolvency,1,0.02,0.0
instability,2,0.04,0.0
outsourcing,8,0.18,0.0
counterparties,1,0.02,0.0
derivative,4,0.09,0.0
purchases,4,0.09,0.0
channel,5,0.11,0.0
customers,15,0.34,0.0
delays,4,0.09,0.0
event,4,0.09,0.0
product,34,0.76,0.0
manufacture,4,0.09,0.0
development,4,0.09,0.0
finance,2,0.04,0.0
obtain,9,0.2,0.0
suppliers,16,0.36,0.0
partners,17,0.38,0.0
resulting,5,0.11,0.0
behavior,1,0.02,0.0
macroeconomic,1,0.02,0.0
consumer,4,0.09,0.0
raises,1,0.02,0.0
generally,7,0.16,0.0
fluctuations,9,0.2,0.0
currency,10,0.22,0.0
result,19,0.43,0.0
expectations,7,0.16,0.0
prices,7,0.16,0.0
differ,1,0.02,0.0
products,77,1.73,0.0
effect,6,0.13,0.0
material,8,0.18,0.0
worldwide,4,0.09,0.0
income,3,0.07,0.0
declines,1,0.02,0.0
services,32,0.72,0.0
programs,3,0.07,0.0
goods,3,0.07,0.0
outside,3,0.07,0.0
access,12,0.27,0.0
healthcare,2,0.04,0.0
labor,6,0.13,0.0
markets,15,0.34,0.0
mortgage,1,0.02,0.0
estate,2,0.04,0.0
sold,2,0.04,0.0
real,2,0.04,0.0
fuel,1,0.02,0.0
changes,13,0.29,0.0
include,9,0.2,0.0
influence,1,0.02,0.0
dollar,9,0.2,0.0
correspond,1,0.02,0.0
costs,17,0.38,0.0
order,4,0.09,0.0
illegitimate,1,0.02,0.0
design,4,0.09,0.0
lived,1,0.02,0.0
capital,3,0.07,0.0
held,2,0.04,0.0
facilities,1,0.02,0.0
prepayments,7,0.16,0.0
whenever,1,0.02,0.0
events,6,0.13,0.0
circumstances,3,0.07,0.0
indicate,1,0.02,0.0
carrying,2,0.04,0.0
amount,3,0.07,0.0
recoverable,1,0.02,0.0
determines,1,0.02,0.0
occurred,1,0.02,0.0
equal,1,0.02,0.0
exceeds,1,0.02,0.0
provisions,3,0.07,0.0
requirements,13,0.29,0.0
forecasted,1,0.02,0.0
cover,3,0.07,0.0
typically,2,0.04,0.0
obligations,5,0.11,0.0
manufacturing,14,0.31,0.0
long,6,0.13,0.0
shipments,2,0.04,0.0
build,1,0.02,0.0
obsolescence,1,0.02,0.0
pace,2,0.04,0.0
unpredictable,1,0.02,0.0
incur,6,0.13,0.0
given,6,0.13,0.0
announcements,1,0.02,0.0
reviews,1,0.02,0.0
excess,5,0.11,0.0
orders,2,0.04,0.0
incremental,1,0.02,0.0
return,2,0.04,0.0
investment,6,0.13,0.0
require,6,0.13,0.0
displays,1,0.02,0.0
placement,1,0.02,0.0
revenue,7,0.16,0.0
contractors,3,0.07,0.0
selected,1,0.02,0.0
staffing,1,0.02,0.0
sales,19,0.43,0.0
reseller,1,0.02,0.0
invest,2,0.04,0.0
invested,3,0.07,0.0
employees,6,0.13,0.0
days,1,0.02,0.0
functional,2,0.04,0.0
ordering,1,0.02,0.0
reserves,1,0.02,0.0
fee,1,0.02,0.0
necessary,2,0.04,0.0
accrues,1,0.02,0.0
realizable,2,0.04,0.0
net,6,0.13,0.0
regarding,3,0.07,0.0
exceed,2,0.04,0.0
inventories,1,0.02,0.0
component,8,0.18,0.0
write,3,0.07,0.0
records,2,0.04,0.0
cancellation,2,0.04,0.0
addition,8,0.18,0.0
become,1,0.02,0.0
technology,12,0.27,0.0
forecast,1,0.02,0.0
incorrectly,1,0.02,0.0
performed,1,0.02,0.0
located,5,0.11,0.0
provided,3,0.07,0.0
logistical,1,0.02,0.0
completed,1,0.02,0.0
vendor,5,0.11,0.0
asia,4,0.09,0.0
key,4,0.09,0.0
instead,1,0.02,0.0
common,1,0.02,0.0
concentrate,1,0.02,0.0
decide,2,0.04,0.0
reasons,3,0.07,0.0
matured,1,0.02,0.0
customized,1,0.02,0.0
yields,1,0.02,0.0
outsourced,1,0.02,0.0
transportation,1,0.02,0.0
adhere,1,0.02,0.0
relies,5,0.11,0.0
unanticipated,2,0.04,0.0
reimbursement,1,0.02,0.0
warranty,5,0.11,0.0
contain,3,0.07,0.0
much,3,0.07,0.0
changing,2,0.04,0.0
quantity,1,0.02,0.0
diminished,1,0.02,0.0
control,4,0.09,0.0
direct,2,0.04,0.0
arrangements,8,0.18,0.0
logistics,4,0.09,0.0
respond,1,0.02,0.0
into,7,0.16,0.0
until,1,0.02,0.0
constraints,1,0.02,0.0
available,7,0.16,0.0
supply,15,0.34,0.0
sources,2,0.04,0.0
single,2,0.04,0.0
obtains,1,0.02,0.0
terms,12,0.27,0.0
multiple,2,0.04,0.0
reasonable,12,0.27,0.0
sufficient,4,0.09,0.0
firm,1,0.02,0.0
utilize,2,0.04,0.0
fully,4,0.09,0.0
insufficient,3,0.07,0.0
produce,1,0.02,0.0
commercially,6,0.13,0.0
exist,1,0.02,0.0
times,1,0.02,0.0
commodity,1,0.02,0.0
capacity,2,0.04,0.0
initial,1,0.02,0.0
uses,2,0.04,0.0
source,1,0.02,0.0
custom,1,0.02,0.0
often,3,0.07,0.0
wide,2,0.04,0.0
remains,1,0.02,0.0
further,4,0.09,0.0
particular,3,0.07,0.0
lead,1,0.02,0.0
similar,2,0.04,0.0
renew,2,0.04,0.0
entered,3,0.07,0.0
limiting,3,0.07,0.0
enters,1,0.02,0.0
distributing,1,0.02,0.0
application,1,0.02,0.0
remain,2,0.04,0.0
manage,5,0.11,0.0
introductions,5,0.11,0.0
transitions,3,0.07,0.0
due,5,0.11,0.0
volatile,2,0.04,0.0
nature,2,0.04,0.0
industries,3,0.07,0.0
introduce,1,0.02,0.0
enhance,2,0.04,0.0
upgraded,2,0.04,0.0
transition,1,0.02,0.0
associated,11,0.25,0.0
production,5,0.11,0.0
platform,1,0.02,0.0
ramp,1,0.02,0.0
availability,11,0.25,0.0
purchase,6,0.13,0.0
inventory,9,0.2,0.0
levels,2,0.04,0.0
line,1,0.02,0.0
appropriate,1,0.02,0.0
quantities,3,0.07,0.0
expected,3,0.07,0.0
meet,3,0.07,0.0
quality,6,0.13,0.0
deficiencies,1,0.02,0.0
early,1,0.02,0.0
stages,1,0.02,0.0
cannot,2,0.04,0.0
issues,8,0.18,0.0
determine,2,0.04,0.0
mac,6,0.13,0.0
traditional,1,0.02,0.0
authorized,1,0.02,0.0
maker,1,0.02,0.0
using,2,0.04,0.0
macos,1,0.02,0.0
personal,4,0.09,0.0
computer,4,0.09,0.0
contracting,1,0.02,0.0
dominated,1,0.02,0.0
makers,1,0.02,0.0
competing,4,0.09,0.0
systems,10,0.22,0.0
notably,1,0.02,0.0
windows,3,0.07,0.0
computers,2,0.04,0.0
existing,4,0.09,0.0
accessories,2,0.04,0.0
lines,2,0.04,0.0
priced,1,0.02,0.0
larger,3,0.07,0.0
installed,1,0.02,0.0
customer,6,0.13,0.0
base,1,0.02,0.0
historically,2,0.04,0.0
resulted,1,0.02,0.0
particularly,2,0.04,0.0
increasing,2,0.04,0.0
internet,1,0.02,0.0
enabled,2,0.04,0.0
smaller,1,0.02,0.0
simpler,1,0.02,0.0
broader,1,0.02,0.0
advance,2,0.04,0.0
flows,1,0.02,0.0
mid,2,0.04,0.0
cellular,6,0.13,0.0
small,2,0.04,0.0
sells,4,0.09,0.0
sized,2,0.04,0.0
retail,12,0.27,0.0
network,10,0.22,0.0
wholesalers,2,0.04,0.0
national,1,0.02,0.0
online,3,0.07,0.0
stores,10,0.22,0.0
enterprise,2,0.04,0.0
iphone,1,0.02,0.0
education,2,0.04,0.0
distributes,2,0.04,0.0
subsidize,1,0.02,0.0
resellers,7,0.16,0.0
ultimate,2,0.04,0.0
renewal,2,0.04,0.0
manufacturers,1,0.02,0.0
distributors,3,0.07,0.0
distribute,2,0.04,0.0
device,1,0.02,0.0
upon,2,0.04,0.0
carriers,8,0.18,0.0
continued,6,0.13,0.0
subsidies,1,0.02,0.0
added,2,0.04,0.0
retailers,2,0.04,0.0
major,2,0.04,0.0
matters,3,0.07,0.026
prevent,1,0.02,0.026
reach,1,0.02,0.026
freeze,1,0.02,0.052
number,13,0.29,0.077
intense,2,0.04,0.077
legal,6,0.13,0.128
vigorously,1,0.02,0.128
commitments,4,0.09,0.128
challenging,1,0.02,0.153
extend,1,0.02,0.178
competitive,8,0.18,0.178
assets,6,0.13,0.178
solutions,5,0.11,0.178
resolved,2,0.04,0.178
adopt,1,0.02,0.178
important,1,0.02,0.202
substantial,12,0.27,0.202
significant,28,0.63,0.202
stimulate,2,0.04,0.226
compelling,1,0.02,0.226
adequate,1,0.02,0.226
advantage,1,0.02,0.25
guarantee,1,0.02,0.25
profitability,3,0.07,0.273
creates,1,0.02,0.273
energy,1,0.02,0.273
well,7,0.16,0.273
increased,4,0.09,0.273
certain,14,0.31,0.273
create,1,0.02,0.273
agreements,13,0.29,0.273
securities,3,0.07,0.296
share,8,0.18,0.296
shares,1,0.02,0.296
prospects,1,0.02,0.296
acceptable,4,0.09,0.318
increase,8,0.18,0.318
expand,1,0.02,0.318
improvements,2,0.04,0.318
solution,1,0.02,0.318
ability,13,0.29,0.318
responsible,1,0.02,0.318
fair,3,0.07,0.318
assurance,14,0.31,0.34
devote,1,0.02,0.34
gains,1,0.02,0.34
value,14,0.31,0.34
security,11,0.25,0.34
secure,3,0.07,0.34
flexibility,1,0.02,0.34
greater,3,0.07,0.361
natural,6,0.13,0.361
attract,1,0.02,0.361
advantages,2,0.04,0.361
asset,4,0.09,0.361
benefits,2,0.04,0.382
protect,2,0.04,0.382
growth,4,0.09,0.382
ensure,3,0.07,0.382
promote,1,0.02,0.382
integrity,1,0.02,0.382
resolve,1,0.02,0.382
credit,16,0.36,0.382
commitment,2,0.04,0.382
devotes,1,0.02,0.382
holiday,1,0.02,0.402
support,2,0.04,0.402
help,2,0.04,0.402
party,22,0.49,0.402
parties,7,0.16,0.402
values,3,0.07,0.402
determination,1,0.02,0.402
improving,1,0.02,0.421
safety,1,0.02,0.421
merit,1,0.02,0.421
innovative,3,0.07,0.44
beneficial,1,0.02,0.44
profits,1,0.02,0.44
safe,1,0.02,0.44
profit,2,0.04,0.44
improve,2,0.04,0.44
attractive,2,0.04,0.44
effectively,5,0.11,0.44
interest,1,0.02,0.459
improvement,1,0.02,0.459
acceptance,1,0.02,0.459
benefit,1,0.02,0.459
talents,1,0.02,0.459
respect,4,0.09,0.477
relief,1,0.02,0.477
effective,4,0.09,0.477
successfully,4,0.09,0.494
strengthening,5,0.11,0.494
confidence,2,0.04,0.511
intellectual,11,0.25,0.511
free,1,0.02,0.511
gain,1,0.02,0.527
sophisticated,1,0.02,0.557
success,3,0.07,0.572
successful,2,0.04,0.586
outstanding,1,0.02,0.612
