word,count,percentage,sentiment
terrorist,1,0.02,-0.691
terrorism,3,0.07,-0.681
disaster,2,0.05,-0.625
war,3,0.07,-0.599
negative,2,0.05,-0.572
disasters,5,0.11,-0.557
suffer,2,0.05,-0.542
harm,3,0.07,-0.542
violations,3,0.07,-0.527
punitive,1,0.02,-0.511
worsen,1,0.02,-0.511
failure,10,0.23,-0.511
damage,3,0.07,-0.494
violate,2,0.05,-0.494
violation,1,0.02,-0.494
infringement,4,0.09,-0.477
poor,2,0.05,-0.477
gross,6,0.14,-0.477
accident,1,0.02,-0.477
failures,7,0.16,-0.459
attacks,2,0.05,-0.44
weak,1,0.02,-0.44
damages,3,0.07,-0.44
damaged,1,0.02,-0.44
unemployment,2,0.05,-0.44
fails,2,0.05,-0.421
weaken,1,0.02,-0.421
interruptions,2,0.05,-0.402
inability,4,0.09,-0.402
problems,2,0.05,-0.402
defects,5,0.11,-0.402
inadequate,2,0.05,-0.402
losses,7,0.16,-0.402
error,1,0.02,-0.402
dissatisfied,1,0.02,-0.382
unsecured,1,0.02,-0.382
severe,1,0.02,-0.382
hostile,1,0.02,-0.382
restrict,1,0.02,-0.382
distraction,1,0.02,-0.382
difficult,2,0.05,-0.361
suspicious,1,0.02,-0.361
adverse,8,0.18,-0.361
turmoil,1,0.02,-0.361
debt,2,0.05,-0.361
disruption,2,0.05,-0.361
interruption,1,0.02,-0.361
errors,1,0.02,-0.34
uncertainty,3,0.07,-0.34
uncertainties,5,0.11,-0.34
fire,1,0.02,-0.34
disruptions,8,0.18,-0.34
defect,1,0.02,-0.34
critical,2,0.05,-0.318
accidents,3,0.07,-0.318
lost,1,0.02,-0.318
disruptive,1,0.02,-0.318
anti,4,0.09,-0.318
loss,7,0.16,-0.318
aggressively,1,0.02,-0.318
weakening,1,0.02,-0.318
faulty,1,0.02,-0.318
delay,3,0.07,-0.318
avoid,2,0.05,-0.296
lower,4,0.09,-0.296
distracting,1,0.02,-0.296
uncertain,2,0.05,-0.296
obsolete,1,0.02,-0.296
stop,1,0.02,-0.296
pressure,1,0.02,-0.296
cut,1,0.02,-0.273
risks,13,0.3,-0.273
charges,2,0.05,-0.273
low,2,0.05,-0.273
disputes,2,0.05,-0.273
cancelled,1,0.02,-0.25
delayed,2,0.05,-0.226
postpone,1,0.02,-0.226
limited,9,0.2,-0.226
litigation,7,0.16,-0.202
risky,1,0.02,-0.202
liability,4,0.09,-0.202
liabilities,3,0.07,-0.202
adversely,20,0.46,-0.202
affected,14,0.32,-0.153
shortages,3,0.07,-0.153
aggressive,2,0.05,-0.153
demand,17,0.39,-0.128
lowered,1,0.02,-0.128
cutting,1,0.02,-0.128
ineffective,1,0.02,-0.128
constrained,1,0.02,-0.103
imposing,1,0.02,-0.103
pay,1,0.02,-0.103
exposed,4,0.09,-0.077
consider,1,0.02,0.0
inconsistent,2,0.05,0.0
cases,3,0.07,0.0
onerous,1,0.02,0.0
jurisdiction,4,0.09,0.0
export,2,0.05,0.0
consuming,2,0.05,0.0
entering,1,0.02,0.0
expensive,2,0.05,0.0
compliance,5,0.11,0.0
dates,1,0.02,0.0
recognition,1,0.02,0.0
considerations,1,0.02,0.0
shipment,1,0.02,0.0
modifications,1,0.02,0.0
settle,1,0.02,0.0
opinion,1,0.02,0.0
least,1,0.02,0.0
desirability,1,0.02,0.0
prohibiting,1,0.02,0.0
rise,1,0.02,0.0
doing,2,0.05,0.0
portion,3,0.07,0.0
injunctions,1,0.02,0.0
derives,1,0.02,0.0
regardless,3,0.07,0.0
scope,1,0.02,0.0
validity,1,0.02,0.0
agents,2,0.05,0.0
litigants,1,0.02,0.0
protracted,1,0.02,0.0
applicable,2,0.05,0.0
designed,4,0.09,0.0
procedures,5,0.11,0.0
non,6,0.14,0.0
required,4,0.09,0.0
policies,4,0.09,0.0
implemented,2,0.05,0.0
practices,2,0.05,0.0
regions,2,0.05,0.0
royalties,1,0.02,0.0
interpretation,2,0.05,0.0
temporary,1,0.02,0.0
testing,1,0.02,0.0
permanent,1,0.02,0.0
injunction,1,0.02,0.0
possibility,1,0.02,0.0
contingencies,1,0.02,0.0
recorded,1,0.02,0.0
laws,24,0.55,0.0
regulations,16,0.36,0.0
individually,2,0.05,0.0
aggregate,2,0.05,0.0
extensive,2,0.05,0.0
domestic,2,0.05,0.0
operates,1,0.02,0.0
areas,2,0.05,0.0
activities,5,0.11,0.0
advertising,1,0.02,0.0
plaintiffs,1,0.02,0.0
among,6,0.14,0.0
commerce,2,0.05,0.0
way,1,0.02,0.0
telecommunications,2,0.05,0.0
communications,2,0.05,0.0
privacy,4,0.09,0.0
repatriation,2,0.05,0.0
controls,2,0.05,0.0
television,1,0.02,0.0
corruption,2,0.05,0.0
ownership,1,0.02,0.0
tax,15,0.34,0.0
import,2,0.05,0.0
promotions,1,0.02,0.0
incurred,1,0.02,0.0
injunctive,1,0.02,0.0
corporate,3,0.07,0.0
accrual,1,0.02,0.0
processes,1,0.02,0.0
outcome,5,0.11,0.0
networks,1,0.02,0.0
inherently,2,0.05,0.0
bodies,2,0.05,0.0
considers,1,0.02,0.0
standardization,1,0.02,0.0
governmental,4,0.09,0.0
likelihood,2,0.05,0.0
regulation,1,0.02,0.0
measures,4,0.09,0.0
remote,1,0.02,0.0
reporting,3,0.07,0.0
period,3,0.07,0.0
mandating,1,0.02,0.0
compensatory,1,0.02,0.0
carrier,2,0.05,0.0
trebled,1,0.02,0.0
monetary,1,0.02,0.0
locking,1,0.02,0.0
others,3,0.07,0.0
disgorgement,1,0.02,0.0
remedial,1,0.02,0.0
certification,2,0.05,0.0
billing,1,0.02,0.0
arise,3,0.07,0.0
commission,1,0.02,0.0
reputation,5,0.11,0.0
complex,1,0.02,0.0
bugs,1,0.02,0.0
unexpectedly,1,0.02,0.0
interfere,1,0.02,0.0
intended,1,0.02,0.0
operation,2,0.05,0.0
outages,1,0.02,0.0
slowdowns,1,0.02,0.0
detect,1,0.02,0.0
fix,1,0.02,0.0
expenses,6,0.14,0.0
includes,1,0.02,0.0
right,3,0.07,0.0
music,1,0.02,0.0
movies,1,0.02,0.0
shows,1,0.02,0.0
rules,4,0.09,0.0
usage,1,0.02,0.0
limit,5,0.11,0.0
owners,1,0.02,0.0
otherwise,6,0.14,0.0
license,4,0.09,0.0
margin,3,0.07,0.0
impossible,2,0.05,0.0
take,1,0.02,0.0
providers,5,0.11,0.0
continuation,1,0.02,0.0
relatively,2,0.05,0.0
licensing,2,0.05,0.0
books,1,0.02,0.0
action,1,0.02,0.0
decreased,1,0.02,0.0
time,11,0.25,0.0
impacted,5,0.11,0.0
transit,1,0.02,0.0
locations,4,0.09,0.0
finished,2,0.05,0.0
impact,8,0.18,0.0
perform,1,0.02,0.0
assembly,1,0.02,0.0
destinations,1,0.02,0.0
final,3,0.07,0.0
sourced,1,0.02,0.0
sole,1,0.02,0.0
occur,5,0.11,0.0
conduct,2,0.05,0.0
accrued,1,0.02,0.0
adhere,1,0.02,0.0
europe,1,0.02,0.0
geographic,2,0.05,0.0
disrupted,1,0.02,0.0
man,1,0.02,0.0
negatively,3,0.07,0.0
terminated,1,0.02,0.0
reduced,2,0.05,0.0
term,5,0.11,0.0
equipment,3,0.07,0.0
process,1,0.02,0.0
variety,3,0.07,0.0
political,5,0.11,0.0
public,6,0.14,0.0
environmental,3,0.07,0.0
actions,4,0.09,0.0
military,1,0.02,0.0
commercial,1,0.02,0.0
made,3,0.07,0.0
health,6,0.14,0.0
rights,8,0.18,0.0
manner,1,0.02,0.0
countries,5,0.11,0.0
ordinary,1,0.02,0.0
arisen,1,0.02,0.0
claims,7,0.16,0.0
various,4,0.09,0.0
infringed,1,0.02,0.0
found,2,0.05,0.0
course,1,0.02,0.0
proceedings,3,0.07,0.0
preclude,3,0.07,0.0
obtained,6,0.14,0.0
licenses,5,0.11,0.0
requires,3,0.07,0.0
efforts,2,0.05,0.0
focus,1,0.02,0.0
unfavorable,2,0.05,0.0
android,1,0.02,0.0
example,3,0.07,0.0
enter,2,0.05,0.0
trade,12,0.27,0.0
international,19,0.43,0.0
jurisdictions,7,0.16,0.0
courts,1,0.02,0.0
defending,1,0.02,0.0
faced,1,0.02,0.0
frequently,2,0.05,0.0
portfolios,1,0.02,0.0
against,5,0.11,0.0
purchased,1,0.02,0.0
monetize,1,0.02,0.0
holding,1,0.02,0.0
patent,4,0.09,0.0
allegations,1,0.02,0.0
hold,1,0.02,0.0
internationally,1,0.02,0.0
platforms,2,0.05,0.0
perceptions,1,0.02,0.0
buy,1,0.02,0.0
choose,2,0.05,0.0
maintained,1,0.02,0.0
developed,1,0.02,0.0
cease,1,0.02,0.0
decisions,1,0.02,0.0
perception,1,0.02,0.0
developers,8,0.18,0.0
protection,4,0.09,0.0
lessen,1,0.02,0.0
force,1,0.02,0.0
legislation,2,0.05,0.0
propose,1,0.02,0.0
passed,2,0.05,0.0
piracy,1,0.02,0.0
rather,1,0.02,0.0
relative,4,0.09,0.0
maintaining,2,0.05,0.0
operate,1,0.02,0.0
keep,1,0.02,0.0
store,4,0.09,0.0
app,1,0.02,0.0
distributed,1,0.02,0.0
upgrade,1,0.02,0.0
developing,4,0.09,0.0
inclined,2,0.05,0.0
question,1,0.02,0.0
causes,1,0.02,0.0
generated,1,0.02,0.0
position,1,0.02,0.0
compared,2,0.05,0.0
upgrading,3,0.07,0.0
less,2,0.05,0.0
earnings,5,0.11,0.0
discussion,2,0.05,0.0
country,2,0.05,0.0
stringent,1,0.02,0.0
travel,1,0.02,0.0
limitations,1,0.02,0.0
freight,1,0.02,0.0
movement,1,0.02,0.0
ramps,1,0.02,0.0
majority,3,0.07,0.0
headquarters,1,0.02,0.0
expenditures,1,0.02,0.0
resume,1,0.02,0.0
quarterly,2,0.05,0.0
fluctuate,2,0.05,0.0
configuration,1,0.02,0.0
indirect,1,0.02,0.0
percentages,1,0.02,0.0
shift,1,0.02,0.0
mix,2,0.05,0.0
repurchases,2,0.05,0.0
average,1,0.02,0.0
unrelated,1,0.02,0.0
ways,1,0.02,0.0
volume,1,0.02,0.0
internal,2,0.05,0.0
pandemics,1,0.02,0.0
late,1,0.02,0.0
unexpected,1,0.02,0.0
generates,1,0.02,0.0
seasonal,1,0.02,0.0
quarters,1,0.02,0.0
quarter,2,0.05,0.0
flat,1,0.02,0.0
developments,1,0.02,0.0
working,1,0.02,0.0
chain,1,0.02,0.0
inefficiencies,1,0.02,0.0
largely,1,0.02,0.0
audit,1,0.02,0.0
entities,1,0.02,0.0
press,1,0.02,0.0
website,1,0.02,0.0
disclosure,1,0.02,0.0
chief,1,0.02,0.0
makes,1,0.02,0.0
emerging,1,0.02,0.0
complying,1,0.02,0.0
considering,1,0.02,0.0
several,1,0.02,0.0
subsidiaries,2,0.05,0.0
transfers,1,0.02,0.0
noncompliance,1,0.02,0.0
point,1,0.02,0.0
executive,2,0.05,0.0
team,1,0.02,0.0
receive,1,0.02,0.0
deliver,1,0.02,0.0
industrial,2,0.05,0.0
plant,1,0.02,0.0
nuclear,1,0.02,0.0
climate,1,0.02,0.0
officer,1,0.02,0.0
vendors,5,0.11,0.0
geopolitical,1,0.02,0.0
valley,1,0.02,0.0
silicon,1,0.02,0.0
especially,1,0.02,0.0
experienced,4,0.09,0.0
skilled,1,0.02,0.0
economy,1,0.02,0.0
apply,1,0.02,0.0
reflect,2,0.05,0.0
grow,1,0.02,0.0
equivalents,2,0.05,0.0
marketable,2,0.05,0.0
receivable,1,0.02,0.0
heightened,1,0.02,0.0
during,1,0.02,0.0
covered,1,0.02,0.0
collateral,1,0.02,0.0
financing,1,0.02,0.0
mitigate,1,0.02,0.0
sub,1,0.02,0.0
assemblies,1,0.02,0.0
assemble,1,0.02,0.0
september,1,0.02,0.0
concentrated,2,0.05,0.0
monitor,1,0.02,0.0
ireland,3,0.07,0.0
organized,1,0.02,0.0
previously,1,0.02,0.0
owed,1,0.02,0.0
provision,1,0.02,0.0
adequacy,1,0.02,0.0
examinations,2,0.05,0.0
assesses,1,0.02,0.0
sovereign,1,0.02,0.0
regularly,1,0.02,0.0
irs,1,0.02,0.0
returns,1,0.02,0.0
examination,1,0.02,0.0
deferred,1,0.02,0.0
valuation,1,0.02,0.0
statutory,1,0.02,0.0
authorities,1,0.02,0.0
deterioration,1,0.02,0.0
ratings,1,0.02,0.0
portfolio,1,0.02,0.0
currencies,5,0.11,0.0
local,2,0.05,0.0
versus,1,0.02,0.0
investor,1,0.02,0.0
specific,1,0.02,0.0
acquire,1,0.02,0.0
primary,1,0.02,0.0
obligate,1,0.02,0.0
board,1,0.02,0.0
declaration,1,0.02,0.0
dividends,2,0.05,0.0
consummated,1,0.02,0.0
program,2,0.05,0.0
repurchase,2,0.05,0.0
directors,1,0.02,0.0
dividend,1,0.02,0.0
exposure,4,0.09,0.0
relates,1,0.02,0.0
place,1,0.02,0.0
hedges,1,0.02,0.0
hedging,1,0.02,0.0
exposures,1,0.02,0.0
hedge,1,0.02,0.0
option,1,0.02,0.0
movements,2,0.05,0.0
conversely,1,0.02,0.0
rate,1,0.02,0.0
reducing,1,0.02,0.0
potentially,1,0.02,0.0
raise,2,0.05,0.0
leads,1,0.02,0.0
denominated,5,0.11,0.0
offset,2,0.05,0.0
transfer,1,0.02,0.0
collection,1,0.02,0.0
relating,1,0.02,0.0
acquisitions,2,0.05,0.0
disrupt,1,0.02,0.0
ongoing,2,0.05,0.0
present,1,0.02,0.0
originally,1,0.02,0.0
contemplated,1,0.02,0.0
endeavors,1,0.02,0.0
involve,1,0.02,0.0
unidentified,1,0.02,0.0
discovered,1,0.02,0.0
diligence,1,0.02,0.0
ventures,1,0.02,0.0
caused,2,0.05,0.0
power,3,0.07,0.0
acts,2,0.05,0.0
viruses,1,0.02,0.0
physical,1,0.02,0.0
processing,1,0.02,0.0
delivery,1,0.02,0.0
shipping,1,0.02,0.0
impede,1,0.02,0.0
compromise,1,0.02,0.0
transactions,3,0.07,0.0
strategies,2,0.05,0.0
things,1,0.02,0.0
planning,1,0.02,0.0
recovery,2,0.05,0.0
redundancy,1,0.02,0.0
ins,1,0.02,0.0
break,1,0.02,0.0
electronic,1,0.02,0.0
eventualities,1,0.02,0.0
leases,1,0.02,0.0
managing,1,0.02,0.0
environments,2,0.05,0.0
built,1,0.02,0.0
space,1,0.02,0.0
lease,2,0.05,0.0
personnel,5,0.11,0.0
leasehold,2,0.05,0.0
receivables,8,0.18,0.0
serve,2,0.05,0.0
collectability,2,0.05,0.0
antidumping,1,0.02,0.0
tariffs,1,0.02,0.0
taxes,4,0.09,0.0
duties,2,0.05,0.0
brand,3,0.07,0.0
another,1,0.02,0.0
penalties,4,0.09,0.0
breaches,2,0.05,0.0
high,4,0.09,0.0
venues,1,0.02,0.0
construction,1,0.02,0.0
activity,2,0.05,0.0
general,1,0.02,0.0
macro,1,0.02,0.0
pose,1,0.02,0.0
severance,1,0.02,0.0
profile,2,0.05,0.0
offs,1,0.02,0.0
closure,1,0.02,0.0
decline,3,0.07,0.0
typical,1,0.02,0.0
size,1,0.02,0.0
vehicles,1,0.02,0.0
awareness,1,0.02,0.0
termination,1,0.02,0.0
partner,3,0.07,0.0
curtail,2,0.05,0.0
reputational,1,0.02,0.0
self,1,0.02,0.0
policy,2,0.05,0.0
coverage,2,0.05,0.0
insurance,3,0.07,0.0
maintains,1,0.02,0.0
possible,1,0.02,0.0
insured,1,0.02,0.0
decrease,2,0.05,0.0
unauthorized,1,0.02,0.0
affects,2,0.05,0.0
breach,3,0.07,0.0
extent,1,0.02,0.0
absolute,1,0.02,0.0
unusual,1,0.02,0.0
release,1,0.02,0.0
monitors,1,0.02,0.0
retention,3,0.07,0.0
aspects,1,0.02,0.0
state,2,0.05,0.0
federal,2,0.05,0.0
transaction,1,0.02,0.0
fines,1,0.02,0.0
follow,1,0.02,0.0
issuers,1,0.02,0.0
address,1,0.02,0.0
liable,1,0.02,0.0
processors,1,0.02,0.0
association,1,0.02,0.0
card,5,0.11,0.0
area,2,0.05,0.0
types,1,0.02,0.0
cyber,2,0.05,0.0
compromised,2,0.05,0.0
comply,2,0.05,0.0
used,1,0.02,0.0
sensitive,2,0.05,0.0
identification,1,0.02,0.0
preferences,1,0.02,0.0
contact,1,0.02,0.0
email,1,0.02,0.0
numbers,2,0.05,0.0
phone,1,0.02,0.0
payment,6,0.14,0.0
addresses,2,0.05,0.0
pii,7,0.16,0.0
identifiable,1,0.02,0.0
personally,1,0.02,0.0
employee,4,0.09,0.0
consequences,1,0.02,0.0
operational,1,0.02,0.0
names,3,0.07,0.0
turn,1,0.02,0.0
account,1,0.02,0.0
targeted,1,0.02,0.0
disclosing,1,0.02,0.0
induce,1,0.02,0.0
fraudulently,1,0.02,0.0
irregularities,1,0.02,0.0
password,1,0.02,0.0
malfeasance,1,0.02,0.0
malicious,1,0.02,0.0
accounts,4,0.09,0.0
transmission,1,0.02,0.0
authentication,1,0.02,0.0
encryption,2,0.05,0.0
passwords,2,0.05,0.0
user,2,0.05,0.0
manages,1,0.02,0.0
storage,1,0.02,0.0
elements,1,0.02,0.0
code,2,0.05,0.0
unanticipated,2,0.05,0.0
adoption,2,0.05,0.0
advancements,1,0.02,0.0
competitors,12,0.27,0.0
sensitivity,1,0.02,0.0
depends,8,0.18,0.0
heavily,1,0.02,0.0
continuing,1,0.02,0.0
timely,3,0.07,0.0
technologies,4,0.09,0.0
marketplace,1,0.02,0.0
believes,7,0.16,0.0
unique,3,0.07,0.0
designs,1,0.02,0.0
develops,1,0.02,0.0
nearly,1,0.02,0.0
entire,1,0.02,0.0
hardware,8,0.18,0.0
many,14,0.32,0.0
contrast,1,0.02,0.0
marks,1,0.02,0.0
trademarks,1,0.02,0.0
register,1,0.02,0.0
applied,1,0.02,0.0
characteristics,1,0.02,0.0
registered,1,0.02,0.0
patents,5,0.11,0.0
holds,1,0.02,0.0
make,7,0.16,0.0
applications,16,0.36,0.0
software,19,0.43,0.0
numerous,5,0.11,0.0
copyrights,1,0.02,0.0
continual,1,0.02,0.0
standards,2,0.05,0.0
evolving,2,0.05,0.0
overall,2,0.05,0.0
foreign,23,0.52,0.0
balances,1,0.02,0.0
cash,9,0.2,0.0
decreases,1,0.02,0.0
increases,4,0.09,0.0
amounts,5,0.11,0.0
rates,10,0.23,0.0
revaluations,1,0.02,0.0
impairment,3,0.07,0.0
instruments,5,0.11,0.0
exchange,8,0.18,0.0
sale,1,0.02,0.0
realized,4,0.09,0.0
investments,4,0.09,0.0
seek,4,0.09,0.0
differing,2,0.05,0.0
highly,4,0.09,0.0
cycles,1,0.02,0.0
life,1,0.02,0.0
short,2,0.05,0.0
introduction,5,0.11,0.0
frequent,2,0.05,0.0
margins,10,0.23,0.0
assigned,1,0.02,0.0
downward,1,0.02,0.0
compete,7,0.16,0.0
unable,5,0.11,0.0
change,10,0.23,0.0
technological,3,0.07,0.0
rapid,5,0.11,0.0
subject,32,0.73,0.0
characterized,1,0.02,0.0
primarily,4,0.09,0.0
pricing,8,0.18,0.0
cost,12,0.27,0.0
structure,2,0.05,0.0
potential,2,0.05,0.0
current,4,0.09,0.0
channels,2,0.05,0.0
relies,5,0.11,0.0
experience,10,0.23,0.0
able,5,0.11,0.0
means,1,0.02,0.0
users,2,0.05,0.0
provide,6,0.14,0.0
models,1,0.02,0.0
competes,4,0.09,0.0
offer,6,0.14,0.0
collaborate,1,0.02,0.0
illegitimate,1,0.02,0.0
alternatively,1,0.02,0.0
little,1,0.02,0.0
expects,2,0.05,0.0
functional,2,0.05,0.0
order,5,0.11,0.0
continually,4,0.09,0.0
substantially,5,0.11,0.0
integrated,1,0.02,0.0
collaboratively,1,0.02,0.0
even,2,0.05,0.0
work,1,0.02,0.0
individual,3,0.07,0.0
seamlessly,1,0.02,0.0
components,28,0.64,0.0
providing,3,0.07,0.0
approach,1,0.02,0.0
intensify,1,0.02,0.0
offerings,1,0.02,0.0
depending,1,0.02,0.0
features,1,0.02,0.0
attempt,3,0.07,0.0
based,6,0.14,0.0
devices,12,0.27,0.0
media,4,0.09,0.0
communication,2,0.05,0.0
mobile,5,0.11,0.0
maintain,5,0.11,0.0
ios,7,0.16,0.0
infringe,2,0.05,0.0
develop,7,0.16,0.0
continue,11,0.25,0.0
property,13,0.3,0.0
infringing,2,0.05,0.0
emulating,1,0.02,0.0
structures,2,0.05,0.0
sell,2,0.05,0.0
imitate,2,0.05,0.0
digital,10,0.23,0.0
faces,4,0.09,0.0
selling,4,0.09,0.0
reduce,4,0.09,0.0
additionally,4,0.09,0.0
smartphone,1,0.02,0.0
minority,3,0.07,0.0
relationships,4,0.09,0.0
content,17,0.39,0.0
supplier,5,0.11,0.0
resources,5,0.11,0.0
distribution,7,0.16,0.0
marketing,4,0.09,0.0
technical,1,0.02,0.0
companies,7,0.16,0.0
competition,8,0.18,0.0
established,1,0.02,0.0
expense,2,0.05,0.0
new,26,0.59,0.0
issue,1,0.02,0.0
trends,2,0.05,0.0
historical,1,0.02,0.0
use,11,0.25,0.0
investors,1,0.02,0.0
indicator,1,0.02,0.0
reliable,1,0.02,0.0
anticipate,1,0.02,0.0
considered,1,0.02,0.0
affecting,5,0.11,0.0
price,19,0.43,0.0
stock,11,0.25,0.0
affect,12,0.27,0.0
whole,3,0.07,0.0
future,18,0.41,0.0
performance,9,0.2,0.0
anticipated,6,0.14,0.0
periods,3,0.07,0.0
regional,8,0.18,0.0
government,3,0.07,0.0
volatility,7,0.16,0.0
market,16,0.36,0.0
higher,6,0.14,0.0
tighter,1,0.02,0.0
response,1,0.02,0.0
global,11,0.25,0.0
spending,2,0.05,0.0
consumers,3,0.07,0.0
poses,1,0.02,0.0
significantly,7,0.16,0.0
depend,6,0.14,0.0
conditions,14,0.32,0.0
economic,15,0.34,0.0
businesses,3,0.07,0.0
austerity,1,0.02,0.0
past,5,0.11,0.0
vary,4,0.09,0.0
results,18,0.41,0.0
condition,13,0.3,0.0
financial,35,0.8,0.0
analysis,4,0.09,0.0
management,11,0.25,0.0
conjunction,1,0.02,0.0
operations,14,0.32,0.0
read,1,0.02,0.0
form,2,0.05,0.0
understanding,1,0.02,0.0
statements,8,0.18,0.0
looking,1,0.02,0.0
forward,2,0.05,0.0
contains,1,0.02,0.0
information,16,0.36,0.0
materially,16,0.36,0.0
consolidated,2,0.05,0.0
supplementary,1,0.02,0.0
actual,3,0.07,0.0
cause,7,0.16,0.0
indirectly,1,0.02,0.0
directly,3,0.07,0.0
below,1,0.02,0.0
described,2,0.05,0.0
related,11,0.25,0.0
including,25,0.57,0.0
known,1,0.02,0.0
currently,8,0.18,0.0
company,292,6.65,0.0
operating,25,0.57,0.0
business,31,0.71,0.0
data,11,0.25,0.0
unknown,1,0.02,0.0
design,4,0.09,0.0
programs,3,0.07,0.0
declines,1,0.02,0.0
insolvency,1,0.02,0.0
effects,3,0.07,0.0
equity,2,0.05,0.0
fixed,1,0.02,0.0
extreme,2,0.05,0.0
liquidity,3,0.07,0.0
instability,2,0.05,0.0
tightening,1,0.02,0.0
institution,1,0.02,0.0
service,9,0.2,0.0
industry,9,0.2,0.0
consolidation,3,0.07,0.0
additional,7,0.16,0.0
system,9,0.2,0.0
there,15,0.34,0.0
banking,1,0.02,0.0
outsourcing,8,0.18,0.0
suppliers,15,0.34,0.0
restrictions,6,0.14,0.0
institutions,1,0.02,0.0
counterparties,1,0.02,0.0
derivative,4,0.09,0.0
purchases,4,0.09,0.0
channel,6,0.14,0.0
partners,17,0.39,0.0
customers,13,0.3,0.0
product,34,0.77,0.0
resulting,5,0.11,0.0
manufacture,4,0.09,0.0
development,4,0.09,0.0
finance,2,0.05,0.0
obtain,9,0.2,0.0
delays,4,0.09,0.0
news,1,0.02,0.0
event,3,0.07,0.0
macroeconomic,1,0.02,0.0
prices,7,0.16,0.0
raises,1,0.02,0.0
generally,7,0.16,0.0
fluctuations,9,0.2,0.0
currency,10,0.23,0.0
result,19,0.43,0.0
goods,3,0.07,0.0
expectations,7,0.16,0.0
services,33,0.75,0.0
products,78,1.78,0.0
effect,6,0.14,0.0
material,8,0.18,0.0
worldwide,4,0.09,0.0
income,3,0.07,0.0
differ,1,0.02,0.0
behavior,1,0.02,0.0
sold,2,0.05,0.0
correspond,1,0.02,0.0
consumer,4,0.09,0.0
access,11,0.25,0.0
healthcare,1,0.02,0.0
labor,6,0.14,0.0
markets,15,0.34,0.0
mortgage,1,0.02,0.0
outside,3,0.07,0.0
estate,2,0.05,0.0
costs,16,0.36,0.0
fuel,1,0.02,0.0
changes,13,0.3,0.0
include,9,0.2,0.0
influence,1,0.02,0.0
dollar,9,0.2,0.0
real,2,0.05,0.0
authorized,1,0.02,0.0
breadth,1,0.02,0.0
using,2,0.05,0.0
events,5,0.11,0.0
circumstances,3,0.07,0.0
indicate,1,0.02,0.0
carrying,2,0.05,0.0
amount,4,0.09,0.0
recoverable,1,0.02,0.0
determines,1,0.02,0.0
occurred,1,0.02,0.0
equal,1,0.02,0.0
exceeds,1,0.02,0.0
provisions,2,0.05,0.0
given,6,0.14,0.0
incur,5,0.11,0.0
unpredictable,1,0.02,0.0
pace,2,0.05,0.0
obsolescence,1,0.02,0.0
build,1,0.02,0.0
typically,2,0.05,0.0
obligations,4,0.09,0.0
manufacturing,14,0.32,0.0
projected,1,0.02,0.0
case,1,0.02,0.0
open,1,0.02,0.0
whenever,1,0.02,0.0
contracts,5,0.11,0.0
acquired,1,0.02,0.0
normally,1,0.02,0.0
practice,2,0.05,0.0
consistent,1,0.02,0.0
shipments,2,0.05,0.0
announcements,1,0.02,0.0
combination,1,0.02,0.0
prepayments,7,0.16,0.0
facilities,1,0.02,0.0
held,2,0.05,0.0
cancellation,2,0.05,0.0
addition,7,0.16,0.0
ordering,1,0.02,0.0
regarding,2,0.05,0.0
distributing,1,0.02,0.0
revenue,7,0.16,0.0
maker,1,0.02,0.0
incremental,1,0.02,0.0
investment,6,0.14,0.0
require,6,0.14,0.0
displays,1,0.02,0.0
placement,1,0.02,0.0
contractors,3,0.07,0.0
employees,5,0.11,0.0
return,2,0.05,0.0
cover,2,0.05,0.0
write,3,0.07,0.0
inventories,1,0.02,0.0
capital,3,0.07,0.0
lived,1,0.02,0.0
long,6,0.14,0.0
reviews,1,0.02,0.0
excess,5,0.11,0.0
orders,5,0.11,0.0
component,8,0.18,0.0
reserves,1,0.02,0.0
necessary,2,0.05,0.0
accrues,1,0.02,0.0
realizable,2,0.05,0.0
net,6,0.14,0.0
exceed,2,0.05,0.0
become,1,0.02,0.0
fee,1,0.02,0.0
forecasted,1,0.02,0.0
requirements,11,0.25,0.0
days,1,0.02,0.0
logistical,1,0.02,0.0
completed,1,0.02,0.0
vendor,5,0.11,0.0
key,4,0.09,0.0
customized,1,0.02,0.0
instead,1,0.02,0.0
provided,2,0.05,0.0
common,1,0.02,0.0
decide,2,0.05,0.0
reasons,3,0.07,0.0
matured,1,0.02,0.0
yields,1,0.02,0.0
until,1,0.02,0.0
exist,1,0.02,0.0
concentrate,1,0.02,0.0
constraints,1,0.02,0.0
located,5,0.11,0.0
asia,4,0.09,0.0
reimbursement,1,0.02,0.0
warranty,5,0.11,0.0
contain,3,0.07,0.0
changing,2,0.05,0.0
respond,1,0.02,0.0
quantity,1,0.02,0.0
performed,1,0.02,0.0
diminished,1,0.02,0.0
direct,2,0.05,0.0
arrangements,8,0.18,0.0
logistics,4,0.09,0.0
transportation,1,0.02,0.0
much,3,0.07,0.0
outsourced,1,0.02,0.0
control,4,0.09,0.0
selected,1,0.02,0.0
capacity,2,0.05,0.0
uses,3,0.07,0.0
single,3,0.07,0.0
obtains,1,0.02,0.0
terms,13,0.3,0.0
reasonable,12,0.27,0.0
commercially,6,0.14,0.0
sufficient,3,0.07,0.0
sources,2,0.05,0.0
firm,1,0.02,0.0
fully,4,0.09,0.0
insufficient,2,0.05,0.0
produce,1,0.02,0.0
incorrectly,1,0.02,0.0
forecast,1,0.02,0.0
technology,13,0.3,0.0
utilize,2,0.05,0.0
initial,1,0.02,0.0
supply,15,0.34,0.0
multiple,2,0.05,0.0
source,1,0.02,0.0
custom,1,0.02,0.0
often,2,0.05,0.0
remains,1,0.02,0.0
limiting,3,0.07,0.0
further,4,0.09,0.0
available,7,0.16,0.0
particular,3,0.07,0.0
similar,2,0.05,0.0
renew,2,0.05,0.0
entered,2,0.05,0.0
commodity,1,0.02,0.0
wide,2,0.05,0.0
times,1,0.02,0.0
lead,1,0.02,0.0
staffing,1,0.02,0.0
records,2,0.05,0.0
flows,1,0.02,0.0
determine,2,0.05,0.0
introductions,5,0.11,0.0
manage,5,0.11,0.0
advance,2,0.05,0.0
ultimate,2,0.05,0.0
distributors,3,0.07,0.0
remain,2,0.05,0.0
carriers,8,0.18,0.0
resellers,8,0.18,0.0
distributes,2,0.05,0.0
transitions,3,0.07,0.0
platform,1,0.02,0.0
network,10,0.23,0.0
mac,6,0.14,0.0
existing,4,0.09,0.0
wholesalers,2,0.05,0.0
national,1,0.02,0.0
retailers,2,0.05,0.0
traditional,1,0.02,0.0
simpler,1,0.02,0.0
added,2,0.05,0.0
application,1,0.02,0.0
cellular,6,0.14,0.0
enabled,2,0.05,0.0
cannot,2,0.05,0.0
stages,1,0.02,0.0
availability,10,0.23,0.0
issues,8,0.18,0.0
ramp,1,0.02,0.0
production,5,0.11,0.0
inventory,9,0.2,0.0
associated,10,0.23,0.0
levels,2,0.05,0.0
transition,1,0.02,0.0
line,1,0.02,0.0
upgraded,2,0.05,0.0
due,5,0.11,0.0
appropriate,1,0.02,0.0
enhance,2,0.05,0.0
introduce,1,0.02,0.0
expected,3,0.07,0.0
meet,3,0.07,0.0
industries,3,0.07,0.0
quality,6,0.14,0.0
nature,2,0.05,0.0
deficiencies,1,0.02,0.0
early,1,0.02,0.0
volatile,2,0.05,0.0
quantities,3,0.07,0.0
distribute,2,0.05,0.0
smaller,1,0.02,0.0
internet,1,0.02,0.0
device,2,0.05,0.0
computers,2,0.05,0.0
subsidies,1,0.02,0.0
continued,6,0.14,0.0
upon,2,0.05,0.0
windows,3,0.07,0.0
notably,1,0.02,0.0
systems,11,0.25,0.0
renewal,2,0.05,0.0
competing,4,0.09,0.0
manufacturers,1,0.02,0.0
makers,1,0.02,0.0
into,7,0.16,0.0
invested,3,0.07,0.0
dominated,1,0.02,0.0
contracting,1,0.02,0.0
invest,2,0.05,0.0
computer,5,0.11,0.0
reseller,1,0.02,0.0
personal,4,0.09,0.0
sales,19,0.43,0.0
macos,1,0.02,0.0
enters,1,0.02,0.0
broader,1,0.02,0.0
accessories,2,0.05,0.0
particularly,2,0.05,0.0
sells,4,0.09,0.0
major,2,0.05,0.0
education,2,0.05,0.0
enterprise,2,0.05,0.0
small,2,0.05,0.0
mid,2,0.05,0.0
increasing,2,0.05,0.0
sized,2,0.05,0.0
online,6,0.14,0.0
lines,2,0.05,0.0
resulted,1,0.02,0.0
purchase,7,0.16,0.0
retail,13,0.3,0.0
stores,12,0.27,0.0
base,1,0.02,0.0
customer,9,0.2,0.0
iphone,1,0.02,0.0
installed,1,0.02,0.0
larger,3,0.07,0.0
subsidize,1,0.02,0.0
priced,1,0.02,0.0
historically,1,0.02,0.0
prevent,2,0.05,0.026
reach,1,0.02,0.026
matters,3,0.07,0.026
freeze,1,0.02,0.052
intense,2,0.05,0.077
number,13,0.3,0.077
commitments,4,0.09,0.128
vigorously,1,0.02,0.128
legal,6,0.14,0.128
challenging,1,0.02,0.153
resolved,2,0.05,0.178
competitive,8,0.18,0.178
extend,1,0.02,0.178
solutions,5,0.11,0.178
assets,7,0.16,0.178
adopt,1,0.02,0.178
significant,29,0.66,0.202
substantial,13,0.3,0.202
important,1,0.02,0.202
stimulate,2,0.05,0.226
adequate,1,0.02,0.226
compelling,1,0.02,0.226
guarantee,1,0.02,0.25
advantage,1,0.02,0.25
profitability,3,0.07,0.273
certain,15,0.34,0.273
well,7,0.16,0.273
increased,4,0.09,0.273
create,1,0.02,0.273
agreements,9,0.2,0.273
energy,1,0.02,0.273
share,7,0.16,0.296
shares,1,0.02,0.296
securities,3,0.07,0.296
prospects,1,0.02,0.296
fair,3,0.07,0.318
responsible,1,0.02,0.318
increase,8,0.18,0.318
solution,1,0.02,0.318
expand,1,0.02,0.318
acceptable,4,0.09,0.318
ability,11,0.25,0.318
improvements,2,0.05,0.318
gains,1,0.02,0.34
engage,1,0.02,0.34
value,13,0.3,0.34
devote,1,0.02,0.34
assurance,14,0.32,0.34
secure,2,0.05,0.34
flexibility,1,0.02,0.34
security,10,0.23,0.34
natural,6,0.14,0.361
asset,3,0.07,0.361
advantages,2,0.05,0.361
greater,3,0.07,0.361
ensure,3,0.07,0.382
commitment,2,0.05,0.382
devotes,1,0.02,0.382
growth,4,0.09,0.382
benefits,2,0.05,0.382
credit,16,0.36,0.382
protect,3,0.07,0.382
promote,1,0.02,0.382
determination,1,0.02,0.402
merits,1,0.02,0.402
support,2,0.05,0.402
parties,5,0.11,0.402
values,3,0.07,0.402
party,22,0.5,0.402
holiday,1,0.02,0.402
help,2,0.05,0.402
merit,1,0.02,0.421
improving,1,0.02,0.421
safety,1,0.02,0.421
improve,2,0.05,0.44
effectively,5,0.11,0.44
attractive,2,0.05,0.44
innovative,3,0.07,0.44
profits,1,0.02,0.44
beneficial,1,0.02,0.44
profit,2,0.05,0.44
safe,1,0.02,0.44
interest,1,0.02,0.459
improvement,1,0.02,0.459
acceptance,1,0.02,0.459
benefit,1,0.02,0.459
talents,1,0.02,0.459
effective,3,0.07,0.477
relief,1,0.02,0.477
respect,3,0.07,0.477
strengthening,5,0.11,0.494
successfully,4,0.09,0.494
confidence,2,0.05,0.511
free,1,0.02,0.511
intellectual,13,0.3,0.511
gain,1,0.02,0.527
sophisticated,1,0.02,0.557
success,3,0.07,0.572
successful,2,0.05,0.586
outstanding,1,0.02,0.612
